ataque,sketch,w,mem_kb,mre_J,mae_J,max_err_J,win_det,t_det_s,latencia_s,win_det_exact,latencia_exact_s,diff_vs_exact_win,estado_deteccion
DDOS,CMS,256,70.0,0.03955928670101519,7232.375,8046,25,310.0,10.0,25,10.0,0,Exacta
DDOS,CMS,1024,280.0,0.008272380035003534,1537.125,1572,25,310.0,10.0,25,10.0,0,Exacta
DDOS,CMS,4096,1120.0,0.0018690151479085803,350.375,369,25,310.0,10.0,25,10.0,0,Exacta
DDOS,CS,256,70.0,0.0015727477531212808,232.875,784,25,310.0,10.0,25,10.0,0,Exacta
DDOS,CS,1024,280.0,0.00042973932531233734,95.625,165,25,310.0,10.0,25,10.0,0,Exacta
DDOS,CS,4096,1120.0,6.0193626204353275e-05,12.125,26,25,310.0,10.0,25,10.0,0,Exacta
SCAN,CMS,256,70.0,0.05707526041666666,8382.125,10646,25,310.0,10.0,26,20.0,-1,Falso Positivo Temprano
SCAN,CMS,1024,280.0,0.006577864583333333,978.5,1266,26,320.0,20.0,26,20.0,0,Exacta
SCAN,CMS,4096,1120.0,0.00069140625,101.25,110,26,320.0,20.0,26,20.0,0,Exacta
SCAN,CS,256,70.0,0.11856510416666668,14327.375,43597,26,320.0,20.0,26,20.0,0,Exacta
SCAN,CS,1024,280.0,0.008141666666666667,1031.25,2910,26,320.0,20.0,26,20.0,0,Exacta
SCAN,CS,4096,1120.0,0.00012630208333333336,18.5,26,26,320.0,20.0,26,20.0,0,Exacta
